URL,Extracted Text
https://cdaction.pl/teksty,"Teksty â CD-ActionNewsyRecenzjeTekstyKulturaWideoCzasopismoTechnologieRetroDiscordNa luzieForumStrona gÅÃ³wnaTekstyTekstyWidokPublicystykaZapowiedziJuÅ¼ graliÅmyPoradnikiOficjalny serwis najwiÄkszego magazynu o grach w Polsce, ktÃ³ry od 1996 roku dostarcza najÅwieÅ¼sze i najlepsze informacje na temat gier komputerowych i konsolowych.MenuNewsyRecenzjeTekstyKulturaWideoCzasopismoTechnologieRetroDiscordNa luzieForumPraca w ITInfoRedakcjaReklamaPrenumerataSklepKontaktInfo prawneRegulaminPolityka prywatnoÅciRegulamin konkursÃ³wSocialInstagramFacebookTwitterDiscordTwitchYouTubeCopyright by Â© Gaming Tech Esports Media SA. Wszystkie prawa zastrzeÅ¼one.Copyright by Â© Gaming Tech Esports Media SA. Wszystkie prawa zastrzeÅ¼one."
https://cdaction.pl/recenzje,"Recenzje â CD-ActionNewsyRecenzjeTekstyKulturaWideoCzasopismoTechnologieRetroDiscordNa luzieForumStrona gÅÃ³wnaRecenzjeRecenzjeWidokOficjalny serwis najwiÄkszego magazynu o grach w Polsce, ktÃ³ry od 1996 roku dostarcza najÅwieÅ¼sze i najlepsze informacje na temat gier komputerowych i konsolowych.MenuNewsyRecenzjeTekstyKulturaWideoCzasopismoTechnologieRetroDiscordNa luzieForumPraca w ITInfoRedakcjaReklamaPrenumerataSklepKontaktInfo prawneRegulaminPolityka prywatnoÅciRegulamin konkursÃ³wSocialInstagramFacebookTwitterDiscordTwitchYouTubeCopyright by Â© Gaming Tech Esports Media SA. Wszystkie prawa zastrzeÅ¼one.Copyright by Â© Gaming Tech Esports Media SA. Wszystkie prawa zastrzeÅ¼one."
https://discord.gg/jACZKQhBAG,CD-Action & PC Format
https://cdaction.pl/newsy,"Newsy â CD-ActionNewsyRecenzjeTekstyKulturaWideoCzasopismoTechnologieRetroDiscordNa luzieForumStrona gÅÃ³wnaNewsyNewsyWidokOficjalny serwis najwiÄkszego magazynu o grach w Polsce, ktÃ³ry od 1996 roku dostarcza najÅwieÅ¼sze i najlepsze informacje na temat gier komputerowych i konsolowych.MenuNewsyRecenzjeTekstyKulturaWideoCzasopismoTechnologieRetroDiscordNa luzieForumPraca w ITInfoRedakcjaReklamaPrenumerataSklepKontaktInfo prawneRegulaminPolityka prywatnoÅciRegulamin konkursÃ³wSocialInstagramFacebookTwitterDiscordTwitchYouTubeCopyright by Â© Gaming Tech Esports Media SA. Wszystkie prawa zastrzeÅ¼one.Copyright by Â© Gaming Tech Esports Media SA. Wszystkie prawa zastrzeÅ¼one."
https://cdaction.pl/technologie,"Technologie â CD-ActionNewsyRecenzjeTekstyKulturaWideoCzasopismoTechnologieRetroDiscordNa luzieForumStrona gÅÃ³wnaTechnologieTechnologieWidokArtykuÅyTestyOficjalny serwis najwiÄkszego magazynu o grach w Polsce, ktÃ³ry od 1996 roku dostarcza najÅwieÅ¼sze i najlepsze informacje na temat gier komputerowych i konsolowych.MenuNewsyRecenzjeTekstyKulturaWideoCzasopismoTechnologieRetroDiscordNa luzieForumPraca w ITInfoRedakcjaReklamaPrenumerataSklepKontaktInfo prawneRegulaminPolityka prywatnoÅciRegulamin konkursÃ³wSocialInstagramFacebookTwitterDiscordTwitchYouTubeCopyright by Â© Gaming Tech Esports Media SA. Wszystkie prawa zastrzeÅ¼one.Copyright by Â© Gaming Tech Esports Media SA. Wszystkie prawa zastrzeÅ¼one."
https://cdaction.pl/,"CD-Action â Strona gÅÃ³wnaNewsyRecenzjeTekstyKulturaWideoCzasopismoTechnologieRetroDiscordNa luzieForumNajnowszeWszystkieNewsyWszystkieWszystkieNewsy16.01.2025Szef Warhorse Studios zostaÅ ostro zaatakowany za âniemoralne scenyâ. TwÃ³rca Kingdom Come: Deliverance nie pozostaÅ dÅuÅ¼nyKrzysztof âGwintâ Jackowski68Newsy16.01.2025Kosmos caÅy czas wyglÄda tak samo? BÅÄd! A to, co uchwyciÅ teleskop Webba, najlepszym dowodemGrzegorz âKrigorâ KaraÅ2WideoNewsy16.01.2025WyÅ¼sza cena GTA 6 moÅ¼e wyciÄgnÄÄ branÅ¼Ä z kryzysu. Analitycy twierdzÄ, Å¼e hit Rockstara zostanie wyceniony na conajmniej 80 dolarÃ³wCezary âCZARY_MARY"" Marczewski23Newsy16.01.2025Wampiry, ktÃ³rych nikt nie chce, wracajÄ. Vampire: The Masquerade â Bloodlines 2 z nowymi szczegÃ³ÅamiSamuel GoldmanNewsy15.01.2025Od nowych wieÅci o planszowym Gothicu opadajÄ rÄce. âNie sama marka jest dla nas najwaÅ¼niejszaâSamuel Goldman5Newsy15.01.2025Mody do Baldur's Gate'a 3 osiÄgnÄÅy 100 milionÃ³w pobraÅ. Z tej okazji wersje konsolowe otrzymaÅy modyfikacjÄ, ktÃ³ra zadowoli koneserÃ³w kobiecych wdziÄkÃ³wCezary âCZARY_MARY"" Marczewski18Newsy16.01.2025Kosmos caÅy czas wyglÄda tak samo? BÅÄd! A to, co uchwyciÅ teleskop Webba, najlepszym dowodemGrzegorz âKrigorâ KaraÅ2WideoNewsy16.01.2025WyÅ¼sza cena GTA 6 moÅ¼e wyciÄgnÄÄ branÅ¼Ä z kryzysu. Analitycy twierdzÄ, Å¼e hit Rockstara zostanie wyceniony na conajmniej 80 dolarÃ³wCezary âCZARY_MARY"" Marczewski23Newsy16.01.2025Wampiry, ktÃ³rych nikt nie chce, wracajÄ. Vampire: The Masquerade â Bloodlines 2 z nowymi szczegÃ³ÅamiSamuel GoldmanNewsy15.01.2025Od nowych wieÅci o planszowym Gothicu opadajÄ rÄce. âNie sama marka jest dla nas najwaÅ¼niejszaâSamuel Goldman5Newsy15.01.2025Mody do Baldur's Gate'a 3 osiÄgnÄÅy 100 milionÃ³w pobraÅ. Z tej okazji wersje konsolowe otrzymaÅy modyfikacjÄ, ktÃ³ra zadowoli koneserÃ³w kobiecych wdziÄkÃ³wCezary âCZARY_MARY"" Marczewski18Newsy7 minut temuNagranie uderzenia meteorytu z dÅºwiÄkiem zarejestrowane w Kanadzie. Najpewniej pierwsze takie na ÅwiecieGrzegorz âKrigorâ KaraÅNewsyokoÅo godziny temuChatGPT zÅy dla Årodowiska? ZwykÅy hamburger wymaga 660 razy wiÄcej wody niÅ¼ 300 zapytaÅ do botaGrzegorz âKrigorâ KaraÅNewsyokoÅo 3 godziny temuJest data premiery filmu âGothic: OpowieÅÄ StraÅ¼nikaâ z udziaÅem Zbrojewicza i BoberkaBarnaba âb-sideâ SiegelNewsyokoÅo 5 godzin temuDiablo, EA Sports FC 25 i inne. Darmowe gry i okazje w tym tygodniuJakub ârajmundâ GaÅkoWideoNewsyokoÅo 21 godzin temuPath of Exile 2 dostaÅo ogromnÄ aktualizacjÄ. TwÃ³rcy uÅatwili walkÄ z najtrudniejszym bossem w grzeCezary âCZARY_MARY"" MarczewskiNewsyokoÅo 22 godziny temuAparat Canon jako kamerka? Bez abonamentu moÅ¼e siÄ nie obejÅÄGrzegorz âKrigorâ KaraÅ3NewsyokoÅo 22 godziny temuKolejne zwolnienia w Microsofcie. Gigant z Redmond pozbywa siÄ pracownikÃ³w m.in. z dziaÅu bezpieczeÅstwa i gaminguMaciek âMacix"" Szymczak4NewsyokoÅo 23 godziny temuGÅÃ³wny projektant WoW-a po 9 latach od zaÅoÅ¼enia swojego studia w koÅcu ujawniÅ, nad czym pracuje. To druÅ¼ynowa gra PvP w klimacie âupiornegoâ fantasyMichaÅ GÄsiorPlotkaNewsyokoÅo 23 godziny temuChiÅczycy nie chcÄ AmerykanÃ³w na swoich platformach? RedNote ma oddzieliÄ âuchodÅºcÃ³w z TikTokaâ od ânormalnych uÅ¼ytkownikÃ³wâJakub âJaqpâ Dmuchowski1CD-Action polecaCD-ActionNewsy22.10.2024Retro #7 juÅ¼ w sprzedaÅ¼y! Erpegi, Doom 3, Duke, âMatrixâ i wiele wiÄcej!Smuggler25CD-ActionNewsy6.12.2024CD-Action 01/2025 juÅ¼ w sprzedaÅ¼y. SprawdÅº zawartoÅÄDaniel âCormaCâ Bartosik75Newsy24.12.2024ZrÃ³b sobie prezent na Nowy Rok. ZamÃ³w nasze bestsellery w sklepiku CD-ActionCD-ActionZapraszamy do Åwiata Teamfight TacticsCD-ActionNewsy13.11.2024KsiÄÅ¼ka âGry, ktÃ³re trzeba znaÄ. Od Silent Hilla 2 do Diablo IIIâ juÅ¼ w naszych rÄkach!CD-Action7Newsy6.12.2024Oficjalne gadÅ¼ety z League of Legends i serialu Arcane w Sklepie CD-Action!CD-Action1CD-ActionNewsy6.12.2024CD-Action 01/2025 juÅ¼ w sprzedaÅ¼y. SprawdÅº zawartoÅÄDaniel âCormaCâ Bartosik75Newsy24.12.2024ZrÃ³b sobie prezent na Nowy Rok. ZamÃ³w nasze bestsellery w sklepiku CD-ActionCD-ActionNewsy13.11.2024KsiÄÅ¼ka âGry, ktÃ³re trzeba znaÄ. Od Silent Hilla 2 do Diablo IIIâ juÅ¼ w naszych rÄkach!CD-Action7Newsy6.12.2024Oficjalne gadÅ¼ety z League of Legends i serialu Arcane w Sklepie CD-Action!CD-Action1RecenzjeWszystkieFarming Simulator 25 â recenzja. Wielki sequel czy naciÄganie na kasÄ?Kuba âSztywnyPatykâ Stolarz3Marvel Rivals â recenzja gry. To nie (taka oczywista) kopia OverwatchaPaweÅ Kicman2Microsoft Flight Simulator 2024, czyli o bujaniu w zabugowanej chmurze sÅÃ³w kilka [RECENZJA]Grzegorz âKrigorâ KaraÅ2Indiana Jones i Wielki KrÄg â recenzja. Przygoda, na ktÃ³rÄ czekaÅem caÅe Å¼ycieEugeniusz Siekiera22Stalker 2: Heart of Chornobyl â recenzja. 60 godzin mieszanych uczuÄSebastian âGruby ALâ Bochat28Planet Coaster 2 â recenzja. Krok do tyÅu dla studia i gatunkuIza â9kierâ Pogiernicka2Alaloth to nowe RPG, ktÃ³re ÅÄczy Dark Souls i Baldurâs Gate, ale jak na mÃ³j gust nie za zgrabnie [RECENZJA]Alicja Wojciechowska3Nowe Life Is Strange to zaledwie czÄÅciowo udana prÃ³ba powrotu do przeszÅoÅci [RECENZJA]PaweÅ Kicman2Fani boksu majÄ pecha. Undisputed to gra tak kiepska, Å¼e ustÄpuje konkurencji sprzed 13 lat [RECENZJA]Hubert âHuwerâ PomykaÅaLego Horizon Adventures â recenzja. 300 zÅotych?! Niestety, ale nie mogÄ poleciÄ tej przygodyJakub ârajmundâ GaÅko1EA wreszcie pozytywnie zaskoczyÅo i speÅniÅo wszystkie moje oczekiwania! Recenzja The Sims 4: Å»ycie i ÅmierÄPatryk WypchÅo1Call of Duty: Black Ops 6 â recenzja. Do tego CoD-a bÄdziemy porÃ³wnywaÄ kolejne czÄÅci przez dÅugie lataJakub âCubitussâ Kowalski8Dragon Age: The Veilguard â recenzja. MiaÅ byÄ grÄ roku, a tu nie ma nawet peÅnoprawnego RPGKrzysztof âOttonâ Kempski204Neva to przykÅad gry, ktÃ³rej nie zabrakÅo wysokiej jakoÅci, tylko wiÄkszych ambicji [RECENZJA]Karol Laska2Tak siÄ powinno przywracaÄ legendy do Å¼ycia! Recenzja Visions of ManaArkadiusz âCascadâ OgoÅczyk6TekstyPublicystykaZapowiedziJuÅ¼ graliÅmyPublicystykaZapowiedziJuÅ¼ graliÅmyPublicystyka9.01.2025Najlepsze gry indie 2024 roku, czyli Dziwne Nagrody DziewiÄtkiIza â9kierâ Pogiernicka14Publicystyka8.01.2025CiaÅa znad WisÅy. Najgorsze POLSKIE gry 2024 roku i najwiÄksze branÅ¼owe kryzysyMateusz Witczak6Publicystyka7.01.2025Tyle pewniakÃ³w i hitÃ³w dawno nie byÅo! Oto 25 najbardziej oczekiwanych gier 2025 rokuPaweÅ Kicman45Publicystyka6.01.2025Co powinna nam dawaÄ idealna gra RPG? To, co Baldur's Gate 3, mimo Å¼e wcale nie jest najwierniejszÄ adaptacjÄ Dungeons & Dragons na rynkuJakub Pabisz12Publicystyka1.01.2025Space Station 13 jest grÄ, w ktÃ³rej moÅ¼esz (niemal) wszystko [FELIETION]Jakub âHaverokâ Szotarski1Publicystyka25.12.202410 najlepszych gier 2024 roku. WybÃ³r redakcji CD-ActionCD-Action16Publicystyka8.01.2025CiaÅa znad WisÅy. Najgorsze POLSKIE gry 2024 roku i najwiÄksze branÅ¼owe kryzysyMateusz Witczak6Publicystyka7.01.2025Tyle pewniakÃ³w i hitÃ³w dawno nie byÅo! Oto 25 najbardziej oczekiwanych gier 2025 rokuPaweÅ Kicman45Publicystyka6.01.2025Co powinna nam dawaÄ idealna gra RPG? To, co Baldur's Gate 3, mimo Å¼e wcale nie jest najwierniejszÄ adaptacjÄ Dungeons & Dragons na rynkuJakub Pabisz12Publicystyka1.01.2025Space Station 13 jest grÄ, w ktÃ³rej moÅ¼esz (niemal) wszystko [FELIETION]Jakub âHaverokâ Szotarski1Publicystyka25.12.202410 najlepszych gier 2024 roku. WybÃ³r redakcji CD-ActionCD-Action16Publicystyka12.12.2024Cuda znad WisÅy. Najlepsze POLSKIE gry 2024 roku wedÅug CD-ActionCD-Action1Publicystyka30.08.2024NajwiÄksze firmy psujÄ radochÄ z gamescomu, a tracÄ na tym zwykli graczeHubert âHuwerâ PomykaÅa2Publicystyka29.08.2024ZalegÅych wypÅat nie przelewa od niemal roku, dziÅ dziaÅa w Kanale Zero. Tak o prezesie Intermarum mÃ³wiÄ jego byli pracownicyKarol Laska34Publicystyka7.07.2024PamiÄtacie telewizjÄ Hyper? Oto jak powstaÅ kultowy program o grach [REPORTAÅ»]Filip âChrzuszczuâ Chrzuszcz18Publicystyka16.08.2024Brak prezesa, brak zarzÄdu, brak wypÅat. Przedstawiamy kulisy absurdalnej sytuacji w Brave Lamb StudioFilip âChrzuszczuâ Chrzuszcz4Publicystyka28.07.2024Hellblade, Disco Elysium i Minecraft, czyli o neuroatypowoÅci oraz neurorÃ³Å¼norodnoÅci w Åwiecie gier wideoGrzegorz Burtan24Publicystyka25.07.2024Moje wymarzone Baldurâs Gate 4. Tego chciaÅbym od kolejnej czÄÅci seriiHubert Sosnowski6WywiadPublicystyka22.07.2024Jan BÅachowicz: âGothic jest tytuÅem, w ktÃ³ry po prostu MUSISZ zagraÄâ [WYWIAD]Hubert PomykaÅa i Wojciech JaguszPublicystyka28.12.2024Mam nadziejÄ, Å¼e CD Projekt nie zepsuje nam Geralta w WiedÅºminie 4Hubert Sosnowski32KulturaWszystkieKultura16.12.2024âKraven Åowcaâ â recenzja filmu. Marvel rodem z AliExpressEugeniusz Siekiera2Kultura5.12.2024âWiedÅºmin. RozdroÅ¼e krukÃ³wâ â recenzja. Sapkowski powrÃ³ciÅ z Geraltem, jakiego jeszcze nie znaliÅmyDawid âDaeLâ Biel1Kultura30.11.2024Heretic â recenzja filmu. Z tej lekcji religii tak Åatwo nie uciekniecieEugeniusz Siekiera3Kultura28.11.2024âDiabeÅâ to odrobiona lekcja z âPsÃ³wâ oraz âJohna Wickaâ. Takiego polskiego kina akcji mi brakowaÅo! [RECENZJA]Hubert Sosnowski1Kultura25.11.2024ChciaÅbym, aby âArcaneâ w dobie sztucznej inteligencji byÅo nadziejÄ na lepsze jutro, ale rzeczywistoÅÄ Åmieje mi siÄ w twarz [FELIETON]Karol Laska3Kultura5.09.2024âJoker 2â to jeden z najwiÄkszych trollingÃ³w w historii Hollywoodu. Ten sequel wrÄcz wyÅmiewa pierwszÄ czÄÅÄ [RECENZJA]Jan Tracz25KulturaokoÅo 3 godziny temuâNosferatuâ â recenzja filmu. Gotycki horror dla kinofilskich estetÃ³wGrzegorz Burtan4KulturaokoÅo 24 godziny temuCzy jest szansa na 2. sezon âZaÅogi rozbitkÃ³wâ? TwÃ³rcy o tym marzÄ, ale wyniki oglÄdalnoÅci mogÄ przekreÅliÄ ich planyAgnieszka Michalska3Kultura17.01.2025Wyczekiwany horror wkrÃ³tce zadebiutuje na zagranicznych VOD, a Polska wciÄÅ¼ czeka na premierÄ kinowÄ. Afera wokÃ³Å dystrybucji âNosferatuâAgnieszka MichalskaKultura17.01.2025Donald Trump mianowaÅ Stallone'a, Gibsona i Voighta âspecjalnymi ambasadoramiâ. MajÄ uczyniÄ Hollywood âwielkim, lepszym i mocniejszymâAgnieszka Michalska1Kultura16.01.2025Nie Å¼yje David Lynch, twÃ³rca âMiasteczka Twin Peaksâ, âMulholland Driveâ czy âBlue VelvetâKuba âSztywnyPatykâ Stolarz3Kultura16.01.2025Haymitch i jego Igrzyska Åmierci. Znamy tytuÅ i datÄ wydania nowej ksiÄÅ¼ki Suzanne Collins w PolsceAgnieszka MichalskaKultura27.12.2024Najlepsze filmy 2024 roku. Moje TOP 10Karol Laska6Kultura26.12.2024Najlepsze seriale 2024 roku. Moje TOP 10Agnieszka Michalska17Kultura29.12.2024Kleks i wynalazek Filipa Golarza â recenzja filmu. Brzechwa siÄ w grobie przewracaEugeniusz Siekiera13WideoJak to, Dead Island 2 jest naprawdÄ dobre?Dead Island 2 w porÃ³wnaniu z Dying Light jest grÄ duÅ¼o mniejszÄ, prostszÄ i pod kaÅ¼dym wzglÄdem bardziej skondensowanÄ. Jak bardzo to dobrze, opowie wam dziÅ Åadnie Wojtek.Wideo18.04.2023112:32Jak to, Dead Island 2 jest naprawdÄ dobre?Wideo18.04.20231Zobacz rÃ³wnieÅ¼Wszystkie12:35Lost media Åwiata gier (pierwsza polska gra?)Wideo11.04.202317:05Gra, ktÃ³rÄ wyÅmiaÅ caÅy Åwiat. A ja jÄ uwielbiamWideo10.04.202316:05Umowa o dzieÅo to najlepsze, co spotkaÅo HitmanaWideo8.04.202308:40Jak twÃ³rcy gier korzystajÄ z memÃ³w?Wideo7.04.202313:26Sequele The Neverhood, czyli jak nie robiÄ spin-offÃ³wWideo6.04.202311:13Nintendo Switch po 6 latach z perspektywy laikaWideo5.04.202314:28Symulatory fanatyka wÄdkarstwa to powaÅ¼na sprawaWideo4.04.202310:57Tylko gracze znajÄ te dwa CUDOWNE uczuciaWideo3.04.202314:33Te gry nie miaÅy tak wyglÄdaÄWideo2.04.202314:26Gry, ktÃ³rych juÅ¼ nie kupicie #2Wideo31.03.202316:14Zapomniane gry twÃ³rcÃ³w GTAWideo30.03.202312:33Jak dobry jest pad za 1200 zÅ?Wideo29.03.202318:17Jak Atomic Heart sponsoruje wojnÄ w UkrainieWideo28.03.2023111:33Obstawiamy, jaki bÄdzie 2023 w grachWideo27.03.2023TechnologieArtykuÅy25.12.2024Teleskop Jamesa Webba: 10 najlepszych fotografii 2024 â te zdjÄcia pokazujÄ, Å¼e kosmos jest naprawdÄ piÄknyGrzegorz âKrigorâ KaraÅ6Testy17.01.2025Genesis Thor 660 G2 â test. Ten maluch o duÅ¼ych moÅ¼liwoÅciach zmieÅci siÄ na kaÅ¼dym biurkuGrzegorz âKrigorâ KaraÅTesty12.01.2025Razer Basilisk v3 Pro 35K â test. To moja ulubiona myszka tego producenta, bez Å¼adnych wÄtpliwoÅciGrzegorz âKrigorâ KaraÅTesty5.01.2025Google Pixel 9 Pro XL po dwÃ³ch miesiÄcach uÅ¼ytkowania. Ten flagowiec moÅ¼e nie jest najlepszy, ale za to bardzo przyjemny [TEST]Grzegorz âKrigorâ KaraÅ2Testy31.12.2024Asus ProArt GeForce RTX 4060 Ti OC 16 GB â test. Czy wiÄcej pamiÄci ma dziÅ sens?Grzegorz âKrigorâ KaraÅ1SprzÄtTesty20.12.2024Xiaomi 14T Pro â test. Solidny, wydajny smartfon do zadaÅ specjalnych i codziennego uÅ¼ytkuJakub âJaqpâ Dmuchowski1ArtykuÅy19.12.2024Akcesoria i komputery Lenovo: To Åwietny prezent, nie tylko pod choinkÄ!PartnerTesty7.12.2024TP-Link Archer BE800 â test. Wi-Fi 7 w swej najlepszej formieGrzegorz âKrigorâ KaraÅArtykuÅy4.12.2024Wi-Fi 7: Nowa generacja sieci bezprzewodowej zachwyca przepustowoÅciÄ i stabilnoÅciÄ poÅÄczeniaPartnerTesty3.12.2024Hator Gravity TKL â test. To nowy gracz, ktÃ³ry powinien namieszaÄ â rÃ³wnieÅ¼ tÄ klawiaturÄGrzegorz âKrigorâ KaraÅ1ArtykuÅy29.11.2024TP-Link i Mercusys: O dobrej sieci moÅ¼na pomyÅleÄ nie tylko od ÅwiÄtaPartnerTesty26.11.2024Realme GT 7 Pro â test. Fotki pod wodÄ czy niezrÃ³wnana wydajnoÅÄ? Nie wiem, co lepszeGrzegorz âKrigorâ KaraÅ3ArtykuÅy26.11.2024realme GT 7 Pro: NiezrÃ³wnana wydajnoÅÄ, ktÃ³ra przypadnie do gustu fanom gierPartnerArtykuÅy19.11.2024Saily: Nie sÄdziÅem, Å¼e dostÄp do internetu w podrÃ³Å¼y moÅ¼e byÄ tak ÅatwyPartnerTesty12.11.2024Gigabyte Z890 AORUS Elite WiFi7 â test. Dobrze wyposaÅ¼ona i rozsÄdnie wyceniona pÅyta pod nowe InteleGrzegorz âKrigorâ KaraÅNa luzieKonkursyNadgodzinyWszystkieKonkursyNadgodzinyNadgodziny13.01.2025[Nadgodziny] WidaÄ, Å¼e amerykaÅska graKuba âSztywnyPatykâ Stolarz6Nadgodziny30.12.2024[Nadgodziny] Tetris typu warszawskiKuba âSztywnyPatykâ Stolarz3Nadgodziny22.12.2024[Nadgodziny] Jarvis, klipujKuba âSztywnyPatykâ Stolarz5Nadgodziny16.12.2024[Nadgodziny] Oby to byÅ Titanfall 3Kuba âSztywnyPatykâ Stolarz3Nadgodziny8.12.2024[Nadgodziny] Masz czelnoÅÄ wystawiaÄ ogra?Kuba âSztywnyPatykâ Stolarz7Nadgodziny1.12.2024[Nadgodziny] Nowy iPhone kosztuje kroczeKuba âSztywnyPatykâ Stolarz1Nadgodziny24.11.2024[Nadgodziny] PodwÃ³jne USB-CKuba âSztywnyPatykâ Stolarz5Nadgodziny17.11.2024[Nadgodziny] Mam ten komputer juÅ¼ cztery lataKuba âSztywnyPatykâ Stolarz4Nadgodziny10.11.2024[Nadgodziny] Liceum nie jest takie, jak w PersonieKuba âSztywnyPatykâ Stolarz4Nadgodziny3.11.2024[Nadgodziny] BeliarzeKuba âSztywnyPatykâ Stolarz2Nadgodziny27.10.2024[Nadgodziny] Podpisuj wypowiedzenieKuba âSztywnyPatykâ Stolarz2Nadgodziny20.10.2024[Nadgodziny] Nazywam siÄ ChatGPTKuba âSztywnyPatykâ StolarzNadgodziny13.10.2024[Nadgodziny] JaÅ Fasola kontra Spider-ManKuba âSztywnyPatykâ Stolarz6Nadgodziny5.10.2024[Nadgodziny] Morrowind i tak lepszyKuba âSztywnyPatykâ Stolarz6Nadgodziny29.09.2024[Nadgodziny] To juÅ¼ nie dziaÅaKuba âSztywnyPatykâ Stolarz6Nadgodziny13.01.2025[Nadgodziny] WidaÄ, Å¼e amerykaÅska graKuba âSztywnyPatykâ Stolarz6Nadgodziny30.12.2024[Nadgodziny] Tetris typu warszawskiKuba âSztywnyPatykâ Stolarz3Nadgodziny22.12.2024[Nadgodziny] Jarvis, klipujKuba âSztywnyPatykâ Stolarz5Oficjalny serwis najwiÄkszego magazynu o grach w Polsce, ktÃ³ry od 1996 roku dostarcza najÅwieÅ¼sze i najlepsze informacje na temat gier komputerowych i konsolowych.MenuNewsyRecenzjeTekstyKulturaWideoCzasopismoTechnologieRetroDiscordNa luzieForumPraca w ITInfoRedakcjaReklamaPrenumerataSklepKontaktInfo prawneRegulaminPolityka prywatnoÅciRegulamin konkursÃ³wSocialInstagramFacebookTwitterDiscordTwitchYouTubeCopyright by Â© Gaming Tech Esports Media SA. Wszystkie prawa zastrzeÅ¼one.Copyright by Â© Gaming Tech Esports Media SA. Wszystkie prawa zastrzeÅ¼one."
https://cdaction.pl/wideo,"Wideo â CD-ActionNewsyRecenzjeTekstyKulturaWideoCzasopismoTechnologieRetroDiscordNa luzieForumStrona gÅÃ³wnaWideoWideoWidokOficjalny serwis najwiÄkszego magazynu o grach w Polsce, ktÃ³ry od 1996 roku dostarcza najÅwieÅ¼sze i najlepsze informacje na temat gier komputerowych i konsolowych.MenuNewsyRecenzjeTekstyKulturaWideoCzasopismoTechnologieRetroDiscordNa luzieForumPraca w ITInfoRedakcjaReklamaPrenumerataSklepKontaktInfo prawneRegulaminPolityka prywatnoÅciRegulamin konkursÃ³wSocialInstagramFacebookTwitterDiscordTwitchYouTubeCopyright by Â© Gaming Tech Esports Media SA. Wszystkie prawa zastrzeÅ¼one.Copyright by Â© Gaming Tech Esports Media SA. Wszystkie prawa zastrzeÅ¼one."
https://cdaction.pl/retro,"Retro â CD-ActionNewsyRecenzjeTekstyKulturaWideoCzasopismoTechnologieRetroDiscordNa luzieForumStrona gÅÃ³wnaRetroRetroWidokOficjalny serwis najwiÄkszego magazynu o grach w Polsce, ktÃ³ry od 1996 roku dostarcza najÅwieÅ¼sze i najlepsze informacje na temat gier komputerowych i konsolowych.MenuNewsyRecenzjeTekstyKulturaWideoCzasopismoTechnologieRetroDiscordNa luzieForumPraca w ITInfoRedakcjaReklamaPrenumerataSklepKontaktInfo prawneRegulaminPolityka prywatnoÅciRegulamin konkursÃ³wSocialInstagramFacebookTwitterDiscordTwitchYouTubeCopyright by Â© Gaming Tech Esports Media SA. Wszystkie prawa zastrzeÅ¼one.Copyright by Â© Gaming Tech Esports Media SA. Wszystkie prawa zastrzeÅ¼one."
https://cdaction.pl/czasopismo,"Czasopismo â CD-ActionNewsyRecenzjeTekstyKulturaWideoCzasopismoTechnologieRetroDiscordNa luzieForumStrona gÅÃ³wnaCzasopismoCzasopismoSklepOficjalny serwis najwiÄkszego magazynu o grach w Polsce, ktÃ³ry od 1996 roku dostarcza najÅwieÅ¼sze i najlepsze informacje na temat gier komputerowych i konsolowych.MenuNewsyRecenzjeTekstyKulturaWideoCzasopismoTechnologieRetroDiscordNa luzieForumPraca w ITInfoRedakcjaReklamaPrenumerataSklepKontaktInfo prawneRegulaminPolityka prywatnoÅciRegulamin konkursÃ³wSocialInstagramFacebookTwitterDiscordTwitchYouTubeCopyright by Â© Gaming Tech Esports Media SA. Wszystkie prawa zastrzeÅ¼one.Copyright by Â© Gaming Tech Esports Media SA. Wszystkie prawa zastrzeÅ¼one."
https://cdaction.pl/kultura,"Kultura â CD-ActionNewsyRecenzjeTekstyKulturaWideoCzasopismoTechnologieRetroDiscordNa luzieForumStrona gÅÃ³wnaKulturaKulturaWidokOficjalny serwis najwiÄkszego magazynu o grach w Polsce, ktÃ³ry od 1996 roku dostarcza najÅwieÅ¼sze i najlepsze informacje na temat gier komputerowych i konsolowych.MenuNewsyRecenzjeTekstyKulturaWideoCzasopismoTechnologieRetroDiscordNa luzieForumPraca w ITInfoRedakcjaReklamaPrenumerataSklepKontaktInfo prawneRegulaminPolityka prywatnoÅciRegulamin konkursÃ³wSocialInstagramFacebookTwitterDiscordTwitchYouTubeCopyright by Â© Gaming Tech Esports Media SA. Wszystkie prawa zastrzeÅ¼one.Copyright by Â© Gaming Tech Esports Media SA. Wszystkie prawa zastrzeÅ¼one."
